нПЦЮМХГЮЖХЪ-ОПЕДНЙ;нПЦЮМХГЮЖХЪ-ОНРНЛНЙ;дЮРЮ ОПЕНАПЮГНБЮМХЪ
нюн мнлня-аюмй-яхахпэ хмм: 5405158186 хд: 16888 пЕЦ.: 410;оюн тй нРЙПШРХЕ хмм: 7706092528 хд: 17410 пЕЦ.: 2209;08.07.2013
нюн йнллепвеяйхи аюмй оерпнйнллепж хмм: 7707284568 хд: 17435 пЕЦ.: 1776;оюн тй нРЙПШРХЕ хмм: 7706092528 хд: 17410 пЕЦ.: 2209;15.06.2015
нюн йнллепвеяйхи аюмй кюмцеоюя хмм: хд: 18526 пЕЦ.: 607;нюн йнллепвеяйхи аюмй оерпнйнллепж хмм: 7707284568 хд: 17435 пЕЦ.: 1776;15.05.1998
нюн хмбеярхжхнммши аюмй нрйпшрхе хмм: 7744000140 хд: 19404 пЕЦ.: 2901;нюн аюмй нрйпшрхе хмм: 7744003399 хд: 16957 пЕЦ.: 2179;27.09.2010
нюн ябепдкнбяйхи цсаепмяйхи аюмй хмм: 6608007709 хд: 19070 пЕЦ.: 2975;нюн аюмй нрйпшрхе хмм: 7744003399 хд: 16957 пЕЦ.: 2179;18.07.2011
нюн мнбняхахпяйхи лсмхжхоюкэмши аюмй хмм: 6608007709 хд: 17704 пЕЦ.: 2786;оюн уюмрш-люмяхияйхи аюмй нрйпшрхе хмм: 8601000666 хд: 16846 пЕЦ.: 1971;05.11.2014
нюн йнллепвеяйхи бнярнвмн-ебпноеияйхи яхахпяйхи аюмй / йнлбеяаюмй хмм: - / 8603034910 хд: 18358 пЕЦ.: 2314;оюн уюмрш-люмяхияйхи аюмй нрйпшрхе хмм: 8601000666 хд: 16846 пЕЦ.: 1971;28.07.2003
рнбюпхыеярбн я нцпюмхвеммни нрберярбеммнярэч йнллепвеяйхи аюмй йнцюкшлметрейнлаюмй хмм: хд: 19345 пЕЦ.: 628;нюн йнллепвеяйхи аюмй оерпнйнллепж хмм: 7707284568 хд: 17435 пЕЦ.: 1776;15.05.1998
мнлня хмм: 7706092528 хд: 17410 пЕЦ.: 2209 ;оюн тй нРЙПШРХЕ хмм: 7706092528 хд: 17410 пЕЦ.: 2209;16.06.2014
оюн уюмрш-люмяхияйхи аюмй нрйпшрхе хмм: 8601000666 хд: 16846 пЕЦ.: 1971;оюн тй нРЙПШРХЕ хмм: 7706092528 хд: 17410 пЕЦ.: 2209;22.08.2016
нюн мнлня-пецхнаюмй хмм: 2702070059 хд: 17457 пЕЦ.: 539;оюн тй нРЙПШРХЕ хмм: 7706092528 хд: 17410 пЕЦ.: 2209;08.07.2013
нюн аюмй нрйпшрхе хмм: 7744003399 хд: 16957 пЕЦ.: 2179;оюн уюмрш-люмяхияйхи аюмй нрйпшрхе хмм: 8601000666 хд: 16846 пЕЦ.: 1971;05.11.2014
нюн аюмй оерпнбяйхи хмм: 7831000179 хд: 19162 пЕЦ.: 729;нюн аюмй нрйпшрхе хмм: 7744003399 хд: 16957 пЕЦ.: 2179;27.09.2010
оюн тй нРЙПШРХЕ хмм: 7706092528 хд: 17410 пЕЦ.: 2209;;
